{
	"TableHeadings": [{
			"Counter": "false",
			"Name": "Counter",
			"Status": "Available"
		}, {
			"Document Number": "false",
			"Name": "Document Number",
			"Status": "Available"

		}, {
			"Field length 18": "false",
			"Name": "Field length 18",
			"Status": "Available"

		}, {
			"Source CO Item": "false",
			"Name": "Source CO Item",
			"Status": "Available"

		}, {
			"ParentDBItem": "false",
			"Name": "Parent DB Item",
			"Status": "Available"

		}, {
			"UserName": "false",
			"Name": "User Name",
			"Status": "Available"

		}, {
			"TimeStamp": "false",
			"Name": "Time Stamp",
			"Status": "Available"

		}, {
			"ErrorFlag": "false",
			"Name": "Error Flag",
			"Status": "Available"

		}, {
			"ErrorMessage": "false",
			"Name": "Error Message",
			"Status": "Available"

		}, {
			"Postingrow": "false",
			"Name": "Posting row",
			"Status": "Available"

		}

	]
}