{
	"ProductCollection": [
		{
			"ProductId": "HT-1000",
			"Category": "POST Postpone",
			"MainCategory": "Computer Systems",
			"TaxTarifCode": "1",
			"SupplierName": "REJC Reject the Source Draft",
			"WeightMeasure": 4.2,
			"WeightUnit": "KG",
			"Description": "0070000 with 2,80 GHz quad core, 15\" LCD, 4 GB DDR3 RAM, 500 GB Hard Disc, Windows 8 Pro",
			"Name": "0070000",
			"DateOfSale": "2017-03-26",
			"ProductPicUrl": "test-resources/sap/ui/demokit/explored/img/HT-1000.jpg",
			"Status": "Available",
			"Quantity": 10,
			"UoM": "PC",
			"CurrencyCode": "EUR",
			"Price": 956,
			"Width": 30,
			"Depth": 18,
			"Height": 3,
			"DimUnit": "cm"
		},
		{
			"ProductId": "HT-1001",
			"Category": "POST Postpone",
			"MainCategory": "Computer Systems",
			"TaxTarifCode": "1",
			"SupplierName": "REJC Reject the Source Draft",
			"WeightMeasure": 4.5,
			"WeightUnit": "KG",
			"Description": "0070000 with 2,80 GHz quad core, 17\" LCD, 4 GB DDR3 RAM, 500 GB Hard Disc, Windows 8 Pro",
			"Name": "0070000",
			"DateOfSale": "2017-04-17",
			"ProductPicUrl": "test-resources/sap/ui/demokit/explored/img/HT-1001.jpg",
			"Status": "Available",
			"Quantity": 20,
			"UoM": "PC",
			"CurrencyCode": "EUR",
			"Price": 1249,
			"Width": 29,
			"Depth": 17,
			"Height": 3.1,
			"DimUnit": "cm"
		},
		{
			"ProductId": "HT-1002",
			"Category": "POST Postpone",
			"MainCategory": "Computer Systems",
			"TaxTarifCode": "1",
			"SupplierName": "REJC Reject the Source Draft",
			"WeightMeasure": 4.2,
			"WeightUnit": "KG",
			"Description": "0070000 with 2,80 GHz quad core, 18\" LCD, 8 GB DDR3 RAM, 1000 GB Hard Disc, Windows 8 Pro",
			"Name": "0070000",
			"DateOfSale": "2017-01-07",
			"ProductPicUrl": "test-resources/sap/ui/demokit/explored/img/HT-1002.jpg",
			"Status": "Available",
			"Quantity": 10,
			"UoM": "PC",
			"CurrencyCode": "EUR",
			"Price": 1570,
			"Width": 28,
			"Depth": 19,
			"Height": 2.5,
			"DimUnit": "cm"
		},
		{
			"ProductId": "HT-1257",
			"Category": "Smartphones and Tablets",
			"MainCategory": "Smartphones & Tablets",
			"TaxTarifCode": "1",
			"SupplierName": "Ultrasonic United",
			"WeightMeasure": 2.8,
			"WeightUnit": "KG",
			"Description": "10.5-inch Multitouch HD Screen (1280 x 800), 16GB Internal Memory, Wireless N Wi-Fi; Bluetooth, GPS Enabled, 1GHz Dual-Core Processor",
			"Name": "Cepat Tablet 10.5",
			"ProductPicUrl": "test-resources/sap/ui/demokit/explored/img/HT-1257.jpg",
			"Status": "Available",
			"Quantity": 17,
			"UoM": "PC",
			"CurrencyCode": "EUR",
			"Price": 549,
			"Width": 48,
			"Depth": 31,
			"Height": 4.5,
			"DimUnit": "cm"
		},
		{
			"ProductId": "HT-1258",
			"Category": "Smartphones and Tablets",
			"MainCategory": "Smartphones & Tablets",
			"TaxTarifCode": "1",
			"SupplierName": "Ultrasonic United",
			"WeightMeasure": 2.5,
			"WeightUnit": "KG",
			"Description": "8-inch Multitouch HD Screen (2000 x 1500) 32GB Internal Memory, Wireless N Wi-Fi, Bluetooth, GPS Enabled, 1.5 GHz Quad-Core Processor",
			"Name": "Cepat Tablet 8",
			"ProductPicUrl": "test-resources/sap/ui/demokit/explored/img/HT-1258.jpg",
			"Status": "Available",
			"Quantity": 24,
			"UoM": "PC",
			"CurrencyCode": "EUR",
			"Price": 529,
			"Width": 38,
			"Depth": 21,
			"Height": 3.5,
			"DimUnit": "cm"
		},
			{
			"ProductId": "HT-1258",
			"Category": "Smartphones and Tablets",
			"MainCategory": "Smartphones & Tablets",
			"TaxTarifCode": "1",
			"SupplierName": "Ultrasonic United",
			"WeightMeasure": 2.5,
			"WeightUnit": "KG",
			"Description": "8-inch Multitouch HD Screen (2000 x 1500) 32GB Internal Memory, Wireless N Wi-Fi, Bluetooth, GPS Enabled, 1.5 GHz Quad-Core Processor",
			"Name": "Cepat Tablet 8",
			"ProductPicUrl": "test-resources/sap/ui/demokit/explored/img/HT-1258.jpg",
			"Status": "Available",
			"Quantity": 24,
			"UoM": "PC",
			"CurrencyCode": "EUR",
			"Price": 529,
			"Width": 38,
			"Depth": 21,
			"Height": 3.5,
			"DimUnit": "cm"
		},
			{
			"ProductId": "HT-1258",
			"Category": "Smartphones and Tablets",
			"MainCategory": "Smartphones & Tablets",
			"TaxTarifCode": "1",
			"SupplierName": "Ultrasonic United",
			"WeightMeasure": 2.5,
			"WeightUnit": "KG",
			"Description": "8-inch Multitouch HD Screen (2000 x 1500) 32GB Internal Memory, Wireless N Wi-Fi, Bluetooth, GPS Enabled, 1.5 GHz Quad-Core Processor",
			"Name": "Cepat Tablet 8",
			"ProductPicUrl": "test-resources/sap/ui/demokit/explored/img/HT-1258.jpg",
			"Status": "Available",
			"Quantity": 24,
			"UoM": "PC",
			"CurrencyCode": "EUR",
			"Price": 529,
			"Width": 38,
			"Depth": 21,
			"Height": 3.5,
			"DimUnit": "cm"
		}
	],
	"ProductCollectionStats": {
		"Counts": {
			"Total": 123,
			"Weight": {
				"Ok": 53,
				"Heavy": 51,
				"Overweight": 19
			}
		},
		"Groups": {
			"Category": {
				"TRPC Transfer" : 34,
				"Desktop Computers" : 7,
				"Flat Screens" : 2,
				"Keyboards" : 4,
				"POST Postpone" : 11,
				"Printers" : 9,
				"Smartphones and Tablets" : 9,
				"Mice" : 7,
				"Computer System TRPC Transfer" : 8,
				"Graphics Card" : 4,
				"Scanners" : 4,
				"Speakers" : 3,
				"Software" : 8,
				"Telekommunikation" : 3,
				"Servers" : 3,
				"Flat Screen TVs" : 3
			},
			"SupplierName": {
				"Titanium": 21,
				"Technocom": 22,
				"Red Point Stores": 7,
				"REJC Reject the Source Draft": 14,
				"Smartcards": 2,
				"Alpha Printers": 5,
				"Printer for All": 8,
				"Oxynum": 8,
				"Fasttech": 15,
				"Ultrasonic United": 15,
				"Speaker Experts": 3,
				"Brainsoft": 3
			}
		},
		"Filters": [
			{
				"type": "Category",
				"values": [
					{
						"text": "TRPC Transfer",
						"data": 34
					},
					{
						"text": "Desktop Computers",
						"data": 7
					},
					{
						"text": "Flat Screens",
						"data": 2
					},
					{
						"text": "Keyboards",
						"data": 4
					},
					{
						"text": "POST Postpone",
						"data": 11
					},
					{
						"text": "Printers",
						"data": 9
					},
					{
						"text": "Smartphones and Tablets",
						"data": 9
					},
					{
						"text": "Mice",
						"data": 7
					},
					{
						"text": "Computer System TRPC Transfer",
						"data": 8
					},
					{
						"text": "Graphics Card",
						"data": 4
					},
					{
						"text": "Scanners",
						"data": 4
					},
					{
						"text": "Speakers",
						"data": 3
					},
					{
						"text": "Software",
						"data": 8
					},
					{
						"text": "Telekommunikation",
						"data": 3
					},
					{
						"text": "Servers",
						"data": 3
					},
					{
					  "text": "Flat Screen TVs",
					  "data": 3
					}
				]
			},
			{
				"type": "SupplierName",
				"values": [
					{
					"text": "Titanium",
					"data": 21
				  },
				  {
					"text": "Technocom",
					"data": 22
				  },
				  {
					"text": "Red Point Stores",
					"data": 7
				  },
				  {
					"text": "REJC Reject the Source Draft",
					"data": 14
				  },
				  {
					"text": "Smartcards",
					"data": 2
				  },
				  {
					"text": "Alpha Printers",
					"data": 5
				  },
				  {
					"text": "Printer for All",
					"data": 8
				  },
				  {
					"text": "Oxynum",
					"data": 8
				  },
				  {
					"text": "Fasttech",
					"data": 15
				  },
				  {
					"text": "Ultrasonic United",
					"data": 15
				  },
				  {
					"text": "Speaker Experts",
					"data": 3
				  },
				  {
					"text": "Brainsoft",
					"data": 3
				  }
				]
			}
		]
	}
}