{
  "projectType": [
    "sap.watt.uitools.ide.fiori"
  ],
  "build": {
    "targetFolder": "dist",
    "sourceFolder": "webapp"
  },
  "generation": [
    {
      "templateId": "ui5template.basicSAPUI5ApplicationProject",
      "templateVersion": "1.40.12",
      "dateTimeStamp": "Wed, 23 Aug 2017 11:27:57 GMT"
    },
    {
      "templateId": "ui5template.basicSAPUI5ApplicationComponent",
      "templateVersion": "1.4.0",
      "dateTimeStamp": "Wed, 23 Aug 2017 11:28:44 GMT"
    }
  ],
  "translation": {
    "translationDomain": "",
    "supportedLanguages": "en,fr,de",
    "defaultLanguage": "en",
    "defaultI18NPropertyFile": "i18n.properties",
    "resourceModelName": "i18n"
  },
  "basevalidator": {
    "services": {
      "js": "fioriJsValidator",
      "xml": "xmlValidator"
    }
  },
  "codeCheckingTriggers": {
    "notifyBeforePush": true,
    "notifyBeforePushLevel": "Error",
    "blockPush": false,
    "blockPushLevel": "Error"
  }
}